{"stats":{"minecraft:killed":{"minecraft:cow":1},"minecraft:crafted":{"minecraft:stone_axe":1,"minecraft:crafting_table":1,"minecraft:spruce_planks":32,"minecraft:stick":8,"minecraft:stone_pickaxe":1,"minecraft:wooden_pickaxe":1},"minecraft:picked_up":{"minecraft:crafting_table":1,"minecraft:beef":2,"minecraft:spruce_sapling":2,"minecraft:spruce_log":8,"minecraft:dirt":9,"minecraft:cobblestone":15},"minecraft:mined":{"minecraft:large_fern":2,"minecraft:grass_block":2,"minecraft:dirt":7,"minecraft:stone":15,"minecraft:spruce_leaves":4,"minecraft:spruce_log":9,"minecraft:crafting_table":1},"minecraft:custom":{"minecraft:time_since_rest":6000,"minecraft:crouch_one_cm":713,"minecraft:play_time":6000,"minecraft:sprint_one_cm":4109,"minecraft:damage_taken":56,"minecraft:walk_one_cm":16239,"minecraft:sneak_time":867,"minecraft:mob_kills":1,"minecraft:jump":34,"minecraft:damage_dealt":100,"minecraft:time_since_death":6000,"minecraft:total_world_time":6000,"minecraft:interact_with_crafting_table":2,"minecraft:fall_one_cm":788,"minecraft:fly_one_cm":326},"minecraft:used":{"minecraft:stone_axe":3,"minecraft:crafting_table":1,"minecraft:wooden_pickaxe":15}},"DataVersion":3465}