{"stats":{"minecraft:killed":{"minecraft:cow":4},"minecraft:crafted":{"minecraft:crafting_table":1,"minecraft:spruce_planks":20,"minecraft:stick":8,"minecraft:wooden_pickaxe":1,"minecraft:birch_boat":1,"minecraft:stone_pickaxe":1,"minecraft:torch":4,"minecraft:birch_planks":20,"minecraft:stone_axe":1},"minecraft:picked_up":{"minecraft:birch_log":19,"minecraft:raw_iron":14,"minecraft:stick":1,"minecraft:crafting_table":2,"minecraft:birch_boat":1,"minecraft:sweet_berries":36,"minecraft:leather":4,"minecraft:torch":1,"minecraft:spruce_log":5,"minecraft:dirt":18,"minecraft:beef":7,"minecraft:sugar_cane":20,"minecraft:coal":7,"minecraft:cobblestone":23},"minecraft:mined":{"minecraft:large_fern":2,"minecraft:iron_ore":14,"minecraft:birch_log":19,"minecraft:sweet_berry_bush":7,"minecraft:spruce_log":5,"minecraft:torch":1,"minecraft:crafting_table":2,"minecraft:grass_block":4,"minecraft:coal_ore":7,"minecraft:dirt":4,"minecraft:spruce_leaves":1,"minecraft:stone":22,"minecraft:sugar_cane":7},"minecraft:custom":{"minecraft:time_since_rest":12000,"minecraft:sprint_one_cm":10230,"minecraft:damage_taken":185,"minecraft:walk_one_cm":24093,"minecraft:mob_kills":4,"minecraft:damage_dealt":494,"minecraft:interact_with_crafting_table":3,"minecraft:fly_one_cm":12517,"minecraft:crouch_one_cm":4091,"minecraft:play_time":12000,"minecraft:sneak_time":1709,"minecraft:boat_one_cm":11745,"minecraft:jump":124,"minecraft:walk_on_water_one_cm":82,"minecraft:time_since_death":12000,"minecraft:total_world_time":12000,"minecraft:fall_one_cm":2798},"minecraft:used":{"minecraft:stone_pickaxe":36,"minecraft:wooden_pickaxe":8,"minecraft:spruce_planks":7,"minecraft:birch_boat":1,"minecraft:stone_axe":34,"minecraft:torch":1,"minecraft:dirt":17,"minecraft:crafting_table":2,"minecraft:sweet_berries":15}},"DataVersion":3465}